{
  "project_info": {
    "project_number": "1073879929527",
    "firebase_url": "https://notificacao-firebase-18988.firebaseio.com",
    "project_id": "notificacao-firebase-18988",
    "storage_bucket": "notificacao-firebase-18988.appspot.com"
  },
  "client": [
    {
      "client_info": {
        "mobilesdk_app_id": "1:1073879929527:android:2efc9d34f342078c9e7332",
        "android_client_info": {
          "package_name": "br.com.fcunha.notificacaofirebase"
        }
      },
      "oauth_client": [
        {
          "client_id": "1073879929527-rlemnifgq9gu84969he19ut8shsqjohh.apps.googleusercontent.com",
          "client_type": 1,
          "android_info": {
            "package_name": "br.com.fcunha.notificacaofirebase",
            "certificate_hash": "d70cca32e40f3e6019c872ab57ae057191701506"
          }
        },
        {
          "client_id": "1073879929527-rm9jrejs4cj4elm85ngnocqfbrk130hb.apps.googleusercontent.com",
          "client_type": 3
        }
      ],
      "api_key": [
        {
          "current_key": "AIzaSyBSsH8dlFQMgFtEj8ZPCetfdxwGSprapDg"
        }
      ],
      "services": {
        "appinvite_service": {
          "other_platform_oauth_client": [
            {
              "client_id": "1073879929527-rm9jrejs4cj4elm85ngnocqfbrk130hb.apps.googleusercontent.com",
              "client_type": 3
            }
          ]
        }
      }
    }
  ],
  "configuration_version": "1"
}